Name,Value,Color
Franklin,220,slateblue
Clermont,25,lightsalmon
Montgomery,338,lightskyblue
Licking,6,lightgreen
Fairfield,10,slateblue
Warren,8,lightsalmon
Clinton,3,lightskyblue
Cuyahoga,31,lightgreen
Hancock,2,slateblue
Greene,12,lightsalmon
Miami,6,lightskyblue
Delaware,6,lightgreen
Summit,22,slateblue
Richland,3,lightsalmon
Medina,1,lightskyblue
Crawford,1,lightgreen
Pickaway,1,slateblue
Adams,1,lightsalmon
Putnam,2,lightskyblue
Lorain,5,lightgreen
Wayne,1,slateblue
Muskingum,1,lightsalmon
Wood,8,lightskyblue
Madison,3,lightgreen
Guernsey,1,slateblue
Brown,1,lightsalmon
Ross,1,lightskyblue
Allen,2,lightgreen
Clark,3,slateblue
Fayette,1,lightsalmon
Gallia,1,lightskyblue
Erie,1,lightgreen
Solano,447,slateblue
Alameda,1629,lightsalmon
"Contra Costa",730,lightskyblue
"Santa Clara",1146,lightgreen
"San Francisco",271,slateblue
Sonoma,408,lightsalmon
Sacramento,1689,lightskyblue
"San Mateo",518,lightgreen
Yolo,166,slateblue
Placer,283,lightsalmon
Nevada,102,lightskyblue
"El Dorado",168,lightgreen
Marin,209,slateblue
"San Joaquin",609,lightsalmon
Mendocino,32,lightskyblue
Lake,40,lightgreen
Napa,94,slateblue
"Santa Cruz",181,lightsalmon
Monterey,131,lightskyblue
Stanislaus,167,lightgreen
Calaveras,52,slateblue
Amador,36,lightsalmon
"San Benito",37,lightskyblue
Merced,65,lightgreen
Sutter,7,slateblue
Fresno,14,lightsalmon
Butte,23,lightskyblue
Colusa,6,lightgreen
Yuba,5,slateblue
Glenn,4,lightsalmon
Sierra,3,lightskyblue
Tuolumne,1,lightgreen
